{"cameraMode":{"drawMode":0,"name":"Shaded","section":"Shading Mode"},"sceneLighting":true,"audioPlay":false,"sceneViewState":{"m_AlwaysRefresh":false,"showFog":true,"showSkybox":true,"showFlares":true,"showImageEffects":true,"showParticleSystems":true,"showVisualEffectGraphs":true,"m_FxEnabled":true},"in2DMode":false,"pivot":{"x":48.41951370239258,"y":13.51352310180664,"z":5.897989273071289},"rotation":{"x":-0.2682640850543976,"y":0.038133133202791217,"z":-0.010628193616867066,"w":-0.9625298380851746},"size":26.506366729736329,"orthographic":false}